Country,Rate
Afghanistan,20%
Albania,23%
Algeria,35%
Andorra,10%
Angola,25%
Antigua and Barbuda,0%
Argentina,35%
Armenia,20%
Aruba,52%
Australia,45%
Austria,55%
Azerbaijan,14%
Bahamas,0%
Bahrain,0%
Bangladesh,25%
Barbados,28.5%
Belarus,13%
Belgium,50%
Belize,25%
Benin,35%
Bermuda,0%
Bhutan,25%
Bolivia,0%
Bosnia and Herzegovina,10%
Botswana,25%
Brazil,27.5%
British Virgin Islands,0%
Brunei,0%
Bulgaria,10%
Burkina Faso,27.5%
Burundi,30%
Cambodia,20%
Cameroon,35%
Canada,53%
Cape Verde,27.5%
Cayman Islands,0%
Central African Republic,50%
Chad,60%
Chile,40%
China,45%
Colombia,39%
Comoros,30%
Costa Rica,25%
Côte d'Ivoire,36%
Croatia,35.4%
Cuba,50%
Curaçao,48.3%
Cyprus,35%
Czech Republic,23%
Democratic Republic of the Congo,40%
Denmark,55.9%
Djibouti,30%
Dominican Republic,25%
Ecuador,37%
Egypt,27.5%
El Salvador,30%
Equatorial Guinea,35%
Eritrea,30%
Estonia,20%
Eswatini,33%
Ethiopia,35%
Federated States of Micronesia,10%
Fiji,20%
Finland,56.5%
France,45%
Gabon,35%
Gambia,30%
Georgia,20%
Germany,45%
Ghana,35%
Greece,44%
Grenada,30%
Guatemala,7%
Guinea,35%
Guinea-Bissau,20%
Guyana,40%
Haiti,30%
Honduras,25%
Hong Kong,17%
Hungary,15%
Iceland,46.3%
India,42.7%
Indonesia,35%
Iran,35%
Iraq,15%
Ireland,52%
Israel,50%
Italy,43%
Jamaica,30%
Japan,55%
Jordan,35%
Kazakhstan,10%
Kenya,35%
Kiribati,35%
Kosovo,10%
Kuwait,0%
Kyrgyzstan,10%
Laos,25%
Latvia,31%
Lebanon,25%
Lesotho,30%
Liberia,25%
Libya,15%
Liechtenstein,22.4%
Lithuania,32%
Luxembourg,42%
Macau,12%
Madagascar,20%
Malawi,30%
Malaysia,30%
Maldives,0%
Mali,40%
Malta,35%
Marshall Islands,12%
Mauritania,40%
Mauritius,20%
Mexico,35%
Moldova,12%
Monaco,0%
Mongolia,25%
Montenegro,15%
Morocco,38%
Mozambique,32%
Myanmar,25%
Namibia,37%
Nauru,0%
Nepal,36%
Netherlands,49.5%
New Zealand,39%
Nicaragua,30%
Niger,35%
Nigeria,24%
North Korea,0%
North Macedonia,10%
Norway,47.4%
Oman,0%
Pakistan,35%
Palau,12%
Panama,25%
Papua New Guinea,42%
Paraguay,10%
Peru,30%
Philippines,35%
Poland,32%
Portugal,48%
Puerto Rico,33%
Qatar,0%
Republic of the Congo,40%
Romania,10%
Russia,22%
Rwanda,30%
Saint Kitts and Nevis,0%
Saint Lucia,30%
Saint Vincent and the Grenadines,32.5%
Samoa,27%
San Marino,35%
São Tomé and Príncipe,25%
Saudi Arabia,0%
Senegal,40%
Serbia,20%
Seychelles,30%
Sierra Leone,30%
Singapore,24%
Slovakia,25%
Slovenia,50%
Solomon Islands,40%
Somalia,30%
South Africa,45%
South Korea,49.5%
South Sudan,20%
Spain,47%
Sri Lanka,36%
Sudan,15%
Suriname,38%
Sweden,52%
Switzerland,40%
Syria,22%
Taiwan,40%
Tajikistan,13%
Tanzania,30%
Thailand,35%
Timor-Leste,10%
Togo,35%
Tonga,0%
Trinidad and Tobago,25%
Tunisia,35%
Turkey,40%
Turkmenistan,10%
Turks and Caicos Islands,0%
Tuvalu,0%
Uganda,40%
Ukraine,19.5%
United Arab Emirates,0%
United Kingdom,45%
United States,37%
Uruguay,36%
Uzbekistan,12%
Vanuatu,0%
Venezuela,34%
Vietnam,35%
Yemen,20%
Zambia,37.5%
Zimbabwe,40%
